capturado_en,motivo,modelo,ts,roll,pitch,yaw,ax,ay,az,bms_soc,bms_corriente,bms_temperatura,celda_1_v,celda_2_v,celda_3_v,celda_4_v,celda_5_v,celda_6_v,celda_7_v,celda_8_v,m0_FR_hip_angulo,m0_FR_hip_velocidad,m0_FR_hip_torque,m0_FR_hip_temperatura,m1_FR_thigh_angulo,m1_FR_thigh_velocidad,m1_FR_thigh_torque,m1_FR_thigh_temperatura,m2_FR_calf_angulo,m2_FR_calf_velocidad,m2_FR_calf_torque,m2_FR_calf_temperatura,m3_FL_hip_angulo,m3_FL_hip_velocidad,m3_FL_hip_torque,m3_FL_hip_temperatura,m4_FL_thigh_angulo,m4_FL_thigh_velocidad,m4_FL_thigh_torque,m4_FL_thigh_temperatura,m5_FL_calf_angulo,m5_FL_calf_velocidad,m5_FL_calf_torque,m5_FL_calf_temperatura,m6_RR_hip_angulo,m6_RR_hip_velocidad,m6_RR_hip_torque,m6_RR_hip_temperatura,m7_RR_thigh_angulo,m7_RR_thigh_velocidad,m7_RR_thigh_torque,m7_RR_thigh_temperatura,m8_RR_calf_angulo,m8_RR_calf_velocidad,m8_RR_calf_torque,m8_RR_calf_temperatura,m9_RL_hip_angulo,m9_RL_hip_velocidad,m9_RL_hip_torque,m9_RL_hip_temperatura,m10_RL_thigh_angulo,m10_RL_thigh_velocidad,m10_RL_thigh_torque,m10_RL_thigh_temperatura,m11_RL_calf_angulo,m11_RL_calf_velocidad,m11_RL_calf_torque,m11_RL_calf_temperatura,pata_FR,pata_FL,pata_RR,pata_RL
2026-09-08T12:45:37.991Z,manual,go2,669.31,0,2.29,0,-0.004,-0.1,9.81,89,994,32.8,3.697,3.696,3.707,3.72,3.724,3.714,3.7,3.695,26.82,0.631,8.31,37,27.65,-0.349,8.96,36,22.96,-1.259,8.82,34,13.71,-1.918,7.92,34,1.72,-2.196,6.44,34,-10.6,-2.036,4.67,35,-20.82,-1.471,2.97,37,-26.89,-0.613,1.67,39,-27.61,0.367,1.04,40,-22.83,1.274,1.19,42,-13.5,1.927,2.11,42,-1.49,2.197,3.6,42,1,1,1,0
2026-09-08T12:45:38.898Z,manual,go2,670.21,0,2.04,0,-0.121,-0.059,9.81,89,1088,32.7,3.697,3.696,3.708,3.721,3.724,3.713,3.699,3.695,25.39,-0.928,8.68,37,17.72,-1.703,7.63,35,6.53,-2.139,6.06,34,-5.96,-2.15,4.28,34,-17.27,-1.732,2.64,34,-25.14,-0.969,1.47,35,-28,-0.013,1,37,-25.29,0.945,1.33,39,-17.54,1.715,2.39,41,-6.3,2.144,3.97,42,6.19,2.145,5.76,42,17.46,1.72,7.39,42,1,1,0,1
2026-09-08T12:45:39.807Z,manual,go2,671.12,0,1.38,0,-0.144,0.027,9.81,89,1182,32.7,3.696,3.697,3.709,3.722,3.723,3.712,3.698,3.695,11.16,-2.018,5.68,37,-1.12,-2.198,3.9,35,-13.18,-1.941,2.34,34,-22.61,-1.297,1.3,34,-27.54,-0.395,1.01,34,-26.99,0.585,1.51,35,-21.06,1.449,2.7,37,-10.94,2.025,4.35,39,1.36,2.197,6.13,41,13.39,1.932,7.69,42,22.75,1.282,8.71,42,27.59,0.377,8.99,42,0,0,1,1
2026-09-08T12:45:40.711Z,manual,go2,672.03,0,0.45,0,-0.057,0.092,9.81,89,1271,32.6,3.695,3.698,3.711,3.723,3.723,3.71,3.697,3.695,-8.68,-2.092,2.06,36,-19.39,-1.587,1.17,35,-26.25,-0.766,1.05,34,-27.88,0.207,1.71,34,-23.95,1.139,3.03,34,-15.26,1.845,4.74,36,-3.53,2.182,6.5,38,8.9,2.086,7.96,40,19.56,1.574,8.84,41,26.33,0.749,8.95,42,27.85,-0.226,8.27,42,23.83,-1.155,6.94,42,0,1,1,0
2026-09-08T12:45:41.613Z,manual,go2,672.93,0,-0.58,0,0.073,0.087,9.81,89,1346,32.6,3.695,3.698,3.712,3.723,3.722,3.709,3.697,3.696,-24.1,-1.12,1.12,36,-27.9,-0.184,1.93,35,-26.14,0.788,3.36,34,-19.18,1.603,5.11,34,-8.4,2.099,6.84,34,4.05,2.177,8.2,36,15.7,1.822,8.93,38,24.22,1.104,8.87,40,27.92,0.166,8.04,41,26.06,-0.805,6.61,42,19.01,-1.615,4.86,42,8.17,-2.104,3.13,42,1,1,0,1
2026-09-08T12:45:42.516Z,manual,go2,673.83,0,-1.49,0,0.148,0.016,9.81,89,1404,32.5,3.695,3.699,3.713,3.724,3.721,3.708,3.696,3.697,-27.5,0.413,3.71,36,-22.48,1.312,5.48,34,-12.98,1.949,7.16,34,-0.9,2.199,8.41,34,11.36,2.011,8.98,35,21.36,1.422,8.76,36,27.11,0.55,7.79,38,27.46,-0.431,6.26,40,22.34,-1.326,4.49,42,12.77,-1.958,2.81,42,0.66,-2.199,1.57,42,-11.58,-2.003,1.02,41,1,0,1,1
2026-09-08T12:45:43.428Z,manual,go2,674.74,0,-2.1,0,0.11,-0.068,9.81,89,1439,32.5,3.695,3.7,3.715,3.724,3.72,3.706,3.695,3.697,-17.08,1.743,7.48,36,-5.73,2.154,8.6,34,6.77,2.135,9,34,17.91,1.691,8.61,34,25.49,0.911,7.49,35,27.99,-0.051,5.88,37,24.92,-1.003,4.1,39,16.89,-1.755,2.49,40,5.5,-2.157,1.39,42,-6.99,-2.13,1,42,-18.09,-1.679,1.41,42,-25.59,-0.894,2.53,41,0,1,1,1
2026-09-08T12:45:44.335Z,manual,go2,675.65,0,-2.29,0,-0.013,-0.1,9.81,89,1449,32.4,3.695,3.702,3.716,3.724,3.719,3.705,3.695,3.698,1.99,2.194,8.98,35,13.94,1.908,8.41,34,23.12,1.241,7.17,34,27.69,0.328,5.49,34,26.75,-0.651,3.71,35,20.48,-1.5,2.19,37,10.13,-2.051,1.23,39,-2.23,-2.193,1.02,41,-14.15,-1.898,1.6,42,-23.25,-1.226,2.86,42,-27.72,-0.309,4.54,42,-26.67,0.669,6.32,41,1,1,1,0
2026-09-08T12:45:45.244Z,manual,go2,676.56,0,-2.01,0,-0.126,-0.054,9.81,89,1434,32.3,3.695,3.703,3.717,3.724,3.718,3.704,3.695,3.699,20.05,1.536,6.82,35,26.55,0.698,5.09,34,27.77,-0.279,3.35,34,23.47,-1.2,1.93,34,14.48,-1.883,1.12,35,2.62,-2.19,1.08,37,-9.77,-2.062,1.83,39,-20.21,-1.523,3.21,41,-26.63,-0.681,4.94,42,-27.74,0.297,6.68,42,-23.34,1.216,8.09,42,-14.28,1.892,8.89,41,1,0,0,1
2026-09-08T12:45:46.154Z,manual,go2,677.47,0,-1.33,0,-0.142,0.033,9.81,89,1394,32.3,3.695,3.704,3.718,3.724,3.717,3.703,3.695,3.7,27.97,0.099,2.99,35,25.73,-0.867,1.68,34,18.37,-1.66,1.04,34,7.35,-2.123,1.19,34,-5.13,-2.163,2.09,36,-16.59,-1.772,3.57,38,-24.75,-1.029,5.34,39,-27.98,-0.08,7.04,41,-25.64,0.884,8.33,42,-18.19,1.672,8.96,42,-7.13,2.128,8.8,42,5.36,2.159,7.89,40,0,0,1,1
2026-09-08T12:45:47.066Z,manual,go2,678.38,0,-0.37,0,-0.048,0.095,9.81,89,1332,32.2,3.695,3.705,3.719,3.724,3.716,3.701,3.695,3.701,21.7,-1.39,1,35,11.84,-1.993,1.33,34,-0.37,-2.2,2.39,34,-12.51,-1.968,3.96,34,-22.16,-1.345,5.75,36,-27.4,-0.453,7.38,38,-27.18,0.528,8.54,40,-21.55,1.405,9,41,-11.63,2.001,8.66,42,0.61,2.199,7.59,42,12.72,1.96,6,42,22.3,1.33,4.22,40,0,1,1,0
2026-09-08T12:45:47.971Z,manual,go2,679.29,0,0.66,0,0.083,0.083,9.81,89,1253,32.1,3.696,3.707,3.72,3.724,3.714,3.7,3.695,3.703,4.48,-2.172,2.7,34,-7.99,-2.109,4.35,34,-18.87,-1.626,6.13,34,-25.99,-0.819,7.69,35,-27.93,0.151,8.71,36,-24.32,1.09,8.99,38,-15.86,1.813,8.48,40,-4.24,2.175,7.28,42,8.22,2.103,5.62,42,19.04,1.613,3.84,42,26.07,0.802,2.29,41,27.92,-0.169,1.28,40,1,1,0,1
