capturado_en,motivo,modelo,ts,roll,pitch,yaw,ax,ay,az,bms_soc,bms_corriente,bms_temperatura,celda_1_v,celda_2_v,celda_3_v,celda_4_v,celda_5_v,celda_6_v,celda_7_v,celda_8_v,m0_L_hip_yaw_angulo,m0_L_hip_yaw_velocidad,m0_L_hip_yaw_torque,m0_L_hip_yaw_temperatura,m1_L_hip_roll_angulo,m1_L_hip_roll_velocidad,m1_L_hip_roll_torque,m1_L_hip_roll_temperatura,m2_L_hip_pitch_angulo,m2_L_hip_pitch_velocidad,m2_L_hip_pitch_torque,m2_L_hip_pitch_temperatura,m3_L_knee_angulo,m3_L_knee_velocidad,m3_L_knee_torque,m3_L_knee_temperatura,m4_L_ankle_pitch_angulo,m4_L_ankle_pitch_velocidad,m4_L_ankle_pitch_torque,m4_L_ankle_pitch_temperatura,m5_L_ankle_roll_angulo,m5_L_ankle_roll_velocidad,m5_L_ankle_roll_torque,m5_L_ankle_roll_temperatura,m6_R_hip_yaw_angulo,m6_R_hip_yaw_velocidad,m6_R_hip_yaw_torque,m6_R_hip_yaw_temperatura,m7_R_hip_roll_angulo,m7_R_hip_roll_velocidad,m7_R_hip_roll_torque,m7_R_hip_roll_temperatura,m8_R_hip_pitch_angulo,m8_R_hip_pitch_velocidad,m8_R_hip_pitch_torque,m8_R_hip_pitch_temperatura,m9_R_knee_angulo,m9_R_knee_velocidad,m9_R_knee_torque,m9_R_knee_temperatura,m10_R_ankle_pitch_angulo,m10_R_ankle_pitch_velocidad,m10_R_ankle_pitch_torque,m10_R_ankle_pitch_temperatura,m11_R_ankle_roll_angulo,m11_R_ankle_roll_velocidad,m11_R_ankle_roll_torque,m11_R_ankle_roll_temperatura,m12_torso_yaw_angulo,m12_torso_yaw_velocidad,m12_torso_yaw_torque,m12_torso_yaw_temperatura,m13_torso_roll_angulo,m13_torso_roll_velocidad,m13_torso_roll_torque,m13_torso_roll_temperatura,m14_torso_pitch_angulo,m14_torso_pitch_velocidad,m14_torso_pitch_torque,m14_torso_pitch_temperatura,m15_L_shoulder_pitch_angulo,m15_L_shoulder_pitch_velocidad,m15_L_shoulder_pitch_torque,m15_L_shoulder_pitch_temperatura,m16_L_shoulder_roll_angulo,m16_L_shoulder_roll_velocidad,m16_L_shoulder_roll_torque,m16_L_shoulder_roll_temperatura,m17_L_shoulder_yaw_angulo,m17_L_shoulder_yaw_velocidad,m17_L_shoulder_yaw_torque,m17_L_shoulder_yaw_temperatura,m18_L_elbow_angulo,m18_L_elbow_velocidad,m18_L_elbow_torque,m18_L_elbow_temperatura,m19_L_wrist_roll_angulo,m19_L_wrist_roll_velocidad,m19_L_wrist_roll_torque,m19_L_wrist_roll_temperatura,m20_L_wrist_pitch_angulo,m20_L_wrist_pitch_velocidad,m20_L_wrist_pitch_torque,m20_L_wrist_pitch_temperatura,m21_L_wrist_yaw_angulo,m21_L_wrist_yaw_velocidad,m21_L_wrist_yaw_torque,m21_L_wrist_yaw_temperatura,m22_R_shoulder_pitch_angulo,m22_R_shoulder_pitch_velocidad,m22_R_shoulder_pitch_torque,m22_R_shoulder_pitch_temperatura,m23_R_shoulder_roll_angulo,m23_R_shoulder_roll_velocidad,m23_R_shoulder_roll_torque,m23_R_shoulder_roll_temperatura,m24_R_shoulder_yaw_angulo,m24_R_shoulder_yaw_velocidad,m24_R_shoulder_yaw_torque,m24_R_shoulder_yaw_temperatura,m25_R_elbow_angulo,m25_R_elbow_velocidad,m25_R_elbow_torque,m25_R_elbow_temperatura,m26_R_wrist_roll_angulo,m26_R_wrist_roll_velocidad,m26_R_wrist_roll_torque,m26_R_wrist_roll_temperatura,m27_R_wrist_pitch_angulo,m27_R_wrist_pitch_velocidad,m27_R_wrist_pitch_torque,m27_R_wrist_pitch_temperatura,m28_R_wrist_yaw_angulo,m28_R_wrist_yaw_velocidad,m28_R_wrist_yaw_torque,m28_R_wrist_yaw_temperatura,pata_R_foot,pata_L_foot
2026-09-08T12:45:59.616Z,manual,g1,662.6,0,-2.26,0,0.047,-0.095,9.81,89,837,33,3.705,3.695,3.698,3.712,3.723,3.722,3.71,3.697,21.6,-1.4,4.87,40,11.7,-1.999,6.62,38,-0.52,-2.2,8.05,36,-12.65,-1.963,8.87,34,-22.26,-1.335,8.92,34,-27.43,-0.442,8.2,34,-27.14,0.54,6.83,35,-21.45,1.414,5.1,36,-11.49,2.006,3.35,38,0.76,2.199,1.93,40,12.86,1.954,1.12,42,22.4,1.32,1.08,42,27.48,0.423,1.83,42,27.09,-0.558,3.2,41,21.3,-1.428,4.93,40,11.28,-2.014,6.68,38,-1,-2.199,8.09,36,-13.07,-1.946,8.89,34,-22.54,-1.305,8.91,34,-27.52,-0.405,8.15,34,-27.02,0.576,6.77,35,-21.15,1.442,5.03,36,-11.06,2.021,3.29,38,1.23,2.198,1.89,40,13.28,1.937,1.1,42,22.68,1.291,1.1,42,27.56,0.387,1.87,42,26.96,-0.593,3.26,41,20.99,-1.456,5,40,0,1
2026-09-08T12:46:00.526Z,manual,g1,663.5,0,-2.19,0,-0.084,-0.083,9.81,89,784,33,3.704,3.695,3.699,3.713,3.724,3.721,3.708,3.696,4.32,-2.174,8.29,39,-8.15,-2.105,8.95,37,-18.99,-1.617,8.83,36,-26.05,-0.807,7.94,34,-27.92,0.164,6.47,34,-24.24,1.102,4.71,34,-15.73,1.82,3,35,-4.08,2.176,1.69,37,8.37,2.099,1.04,39,19.16,1.604,1.18,40,26.13,0.79,2.08,42,27.9,-0.182,3.56,42,24.12,-1.118,5.33,42,15.53,-1.831,7.03,41,3.85,-2.179,8.33,39,-8.6,-2.094,8.96,37,-19.33,-1.592,8.81,36,-26.22,-0.772,7.9,34,-27.88,0.2,6.41,34,-24,1.133,4.64,34,-15.33,1.841,2.94,35,-3.62,2.182,1.65,37,8.82,2.088,1.03,39,19.5,1.579,1.2,41,26.3,0.755,2.13,42,27.86,-0.219,3.62,42,23.88,-1.149,5.4,42,15.14,-1.851,7.09,41,3.38,-2.184,8.36,39,1,1
2026-09-08T12:46:01.431Z,manual,g1,664.41,0,-1.68,0,-0.15,-0.007,9.81,89,755,32.9,3.703,3.695,3.7,3.714,3.724,3.72,3.707,3.696,-15.12,-1.852,8.7,39,-23.86,-1.151,7.67,37,-27.86,-0.221,6.1,35,-26.31,0.753,4.32,34,-19.52,1.577,2.67,34,-8.84,2.087,1.49,34,3.59,2.182,1.01,35,15.31,1.842,1.32,37,23.99,1.135,2.36,39,27.88,0.202,3.93,41,26.23,-0.771,5.71,42,19.35,-1.59,7.35,42,8.62,-2.093,8.53,42,-3.83,-2.179,9,41,-15.51,-1.832,8.67,39,-24.11,-1.119,7.62,37,-27.9,-0.184,6.04,35,-26.14,0.788,4.25,34,-19.18,1.603,2.62,34,-8.39,2.099,1.46,34,4.06,2.177,1,35,15.71,1.821,1.34,37,24.23,1.103,2.41,39,27.92,0.165,3.99,41,26.06,-0.805,5.78,42,19.01,-1.616,7.41,42,8.17,-2.104,8.56,42,-4.29,-2.174,9,41,-15.9,-1.811,8.64,39,1,0
2026-09-08T12:46:02.343Z,manual,g1,665.32,0,-0.82,0,-0.101,0.074,9.81,89,751,32.9,3.702,3.695,3.701,3.716,3.724,3.719,3.705,3.695,-26.96,-0.594,5.71,39,-27.56,0.387,3.93,37,-22.68,1.29,2.36,35,-13.28,1.937,1.32,34,-1.23,2.198,1,34,11.06,2.021,1.49,34,21.14,1.442,2.67,35,27.02,0.576,4.32,37,27.52,-0.405,6.1,39,22.54,-1.305,7.66,41,13.07,-1.946,8.7,42,1,-2.199,8.99,42,-11.27,-2.014,8.49,42,-21.3,-1.428,7.3,41,-27.08,-0.558,5.65,39,-27.48,0.423,3.87,37,-22.4,1.32,2.31,35,-12.86,1.954,1.29,34,-0.76,2.199,1.01,34,11.49,2.006,1.52,34,21.45,1.414,2.73,35,27.14,0.54,4.39,37,27.43,-0.441,6.17,39,22.26,-1.335,7.71,41,12.65,-1.963,8.72,42,0.53,-2.2,8.99,42,-11.7,-1.999,8.46,42,-21.6,-1.4,7.24,41,-27.2,-0.522,5.58,39,0,1
2026-09-08T12:46:03.249Z,manual,g1,666.23,0,0.2,0,0.026,0.098,9.81,89,773,32.9,3.7,3.695,3.702,3.717,3.724,3.718,3.704,3.695,-25.16,0.965,2.07,39,-17.31,1.729,1.18,37,-6.02,2.149,1.04,35,6.48,2.14,1.7,34,17.68,1.706,3.01,34,25.36,0.932,4.72,34,28,-0.028,6.48,36,25.06,-0.982,7.95,38,17.13,-1.74,8.83,40,5.79,-2.153,8.95,41,-6.71,-2.136,8.28,42,-17.86,-1.694,6.96,42,-25.46,-0.915,5.25,42,-27.99,0.046,3.49,40,-24.95,0.998,2.03,38,-16.94,1.752,1.16,36,-5.56,2.156,1.06,35,6.93,2.131,1.74,34,18.04,1.682,3.07,34,25.56,0.898,4.78,34,27.99,-0.065,6.54,36,24.84,-1.015,7.99,38,16.75,-1.763,8.85,40,5.33,-2.16,8.94,41,-7.16,-2.127,8.24,42,-18.22,-1.67,6.9,42,-25.66,-0.881,5.18,42,-27.98,0.083,3.43,40,-24.73,1.031,1.98,38,1,1
2026-09-08T12:46:04.156Z,manual,g1,667.14,0,1.18,0,0.132,0.047,9.81,89,818,32.9,3.699,3.695,3.704,3.718,3.724,3.717,3.703,3.695,-10.7,2.033,1.12,38,1.62,2.196,1.93,36,13.62,1.922,3.35,35,22.9,1.265,5.1,34,27.63,0.357,6.83,34,26.85,-0.623,8.2,34,20.73,-1.479,8.92,36,10.48,-2.04,8.87,38,-1.86,-2.195,8.05,40,-13.82,-1.913,6.62,41,-23.04,-1.25,4.86,42,-27.67,-0.338,3.14,42,-26.79,0.641,1.78,42,-20.57,1.492,1.07,40,-10.26,2.047,1.14,38,2.09,2.194,1.97,36,14.03,1.904,3.41,35,23.17,1.235,5.17,34,27.7,0.32,6.89,34,26.72,-0.659,8.24,34,20.41,-1.506,8.94,36,10.04,-2.054,8.85,38,-2.33,-2.192,8,40,-14.23,-1.895,6.55,41,-23.3,-1.22,4.8,42,-27.74,-0.302,3.08,42,-26.64,0.676,1.74,42,-20.25,1.519,1.06,40,-9.82,2.06,1.16,38,1,0
2026-09-08T12:46:05.067Z,manual,g1,668.04,0,1.92,0,0.137,-0.041,9.81,89,885,32.8,3.698,3.695,3.705,3.719,3.724,3.716,3.702,3.695,9.22,2.077,3.73,38,19.8,1.555,5.5,36,26.44,0.723,7.18,34,27.82,-0.252,8.42,34,23.65,-1.178,8.98,34,14.78,-1.869,8.75,35,2.96,-2.188,7.77,36,-9.45,-2.071,6.24,38,-19.97,-1.542,4.46,40,-26.52,-0.706,2.79,42,-27.79,0.271,1.56,42,-23.52,1.193,1.01,42,-14.58,1.878,1.26,41,-2.73,2.19,2.25,40,9.67,2.065,3.79,38,20.13,1.529,5.57,36,26.59,0.688,7.24,34,27.76,-0.289,8.46,34,23.39,-1.209,8.99,34,14.37,-1.888,8.73,35,2.49,-2.191,7.72,36,-9.89,-2.058,6.18,38,-20.3,-1.515,4.4,40,-26.67,-0.671,2.74,42,-27.73,0.307,1.53,42,-23.26,1.224,1.01,42,-14.17,1.897,1.29,41,-2.26,2.193,2.3,40,10.11,2.052,3.86,38,0,0
2026-09-08T12:46:05.974Z,manual,g1,668.95,0,2.27,0,0.036,-0.097,9.81,89,967,32.8,3.698,3.695,3.706,3.72,3.724,3.715,3.701,3.695,24.45,1.072,7.5,38,27.95,0.13,8.61,36,25.89,-0.839,9,34,18.67,-1.64,8.59,34,7.73,-2.115,7.47,34,-4.75,-2.168,5.86,35,-16.28,-1.79,4.08,37,-24.57,-1.056,2.48,39,-27.96,-0.111,1.38,40,-25.8,0.856,1,42,-18.49,1.652,1.42,42,-7.5,2.12,2.55,42,4.98,2.165,4.17,41,16.47,1.779,5.96,39,24.68,1.039,7.55,37,27.98,0.093,8.64,36,25.7,-0.873,9,34,18.31,-1.664,8.56,34,7.28,-2.124,7.42,34,-5.21,-2.162,5.79,35,-16.66,-1.768,4.01,37,-24.79,-1.023,2.42,39,-27.98,-0.074,1.35,40,-25.61,0.89,1,42,-18.13,1.676,1.45,42,-7.05,2.129,2.61,42,5.44,2.158,4.24,41,16.85,1.757,6.02,39,24.9,1.007,7.6,37,1,1
2026-09-08T12:46:06.885Z,manual,g1,669.86,0,2.17,0,-0.093,-0.079,9.81,89,1060,32.8,3.697,3.696,3.708,3.721,3.724,3.714,3.7,3.695,27.33,-0.477,8.98,37,21.97,-1.364,8.4,35,12.23,-1.979,7.15,34,0.06,-2.2,5.46,34,-12.13,-1.983,3.69,34,-21.9,-1.371,2.18,35,-27.31,-0.486,1.23,37,-27.28,0.495,1.03,39,-21.82,1.378,1.62,41,-12.02,1.987,2.88,42,0.18,2.2,4.57,42,12.34,1.975,6.34,42,22.04,1.357,7.85,41,27.36,0.468,8.79,39,27.23,-0.513,8.97,37,21.67,-1.393,8.37,35,11.81,-1.995,7.09,34,-0.41,-2.2,5.4,34,-12.55,-1.967,3.63,34,-22.19,-1.342,2.13,35,-27.41,-0.45,1.2,37,-27.17,0.531,1.03,39,-21.52,1.407,1.65,41,-11.59,2.003,2.94,42,0.65,2.199,4.64,42,12.76,1.958,6.4,42,22.33,1.327,7.89,41,27.45,0.432,8.81,39,27.11,-0.549,8.96,37,1,1
2026-09-08T12:46:07.794Z,manual,g1,670.77,0,1.62,0,-0.15,0,9.81,89,1155,32.7,3.696,3.697,3.709,3.722,3.723,3.712,3.699,3.695,16.37,-1.785,6.8,37,4.86,-2.167,5.06,35,-7.62,-2.117,3.32,34,-18.58,-1.646,1.91,34,-25.84,-0.847,1.11,34,-27.96,0.121,1.09,35,-24.51,1.064,1.85,37,-16.18,1.796,3.23,39,-4.63,2.17,4.97,41,7.85,2.112,6.71,42,18.76,1.633,8.11,42,25.93,0.83,8.9,42,27.94,-0.139,8.9,41,24.39,-1.08,8.13,39,15.98,-1.806,6.74,37,4.39,-2.173,5,35,-8.07,-2.107,3.26,34,-18.93,-1.621,1.86,34,-26.02,-0.813,1.1,34,-27.93,0.158,1.11,35,-24.28,1.096,1.89,37,-15.79,1.817,3.29,39,-4.16,2.176,5.04,41,8.3,2.101,6.77,42,19.1,1.608,8.16,42,26.11,0.795,8.91,42,27.91,-0.176,8.89,41,24.16,-1.112,8.09,39,15.6,-1.827,6.68,37,1,0
